Квартира,Корпус,Этаж,Комнат,Планировка,"Площадь, м²","Цена за м², руб.","Цена, руб.","Цена продажи, руб.","Скидка, руб.",Менеджер,Дата сделки,Дата обращения,Дней в работе,Вид
М-ГП1-А-001,ГП1,1,2,12ЛКС,55.33,"31,256","1,729,394","1,729,394",,Иван,7/29/2022,7/27/2022,2,на дорогу
М-ГП1-А-002,ГП1,2,2,12ЛКС,55.33,"35,889","1,985,738","1,985,738",,Саша,7/6/2022,5/28/2022,39,на дорогу
М-ГП1-А-003,ГП1,2,2,ТС1ЛК2,59.86,"35,889","2,148,316",,,,,,,на реку
М-ГП1-А-004,ГП1,2,1,СКЛ1,35.97,"45,267","1,628,254","1,528,254","100,000",Лиана,7/26/2022,7/14/2022,12,на реку
М-ГП1-А-005,ГП1,2,3,ТСС123ЛК,95.71,"30,000","2,871,300","2,661,300","210,000",Иван,6/28/2022,6/22/2022,6,на реку
М-ГП1-А-006,ГП1,2,1,1СТЛ,30.45,"34,230","1,042,316","842,316","200,000",Филипп,6/13/2022,5/27/2022,17,окна в окна
М-ГП1-А-007,ГП1,2,2,СКЛ12,54.86,"28,711","1,575,096",,,,,,,окна в окна
М-ГП1-А-008,ГП1,2,1,1ЛКС,38.21,"43,781","1,672,872","1,472,872","200,000",Филипп,6/10/2022,5/29/2022,12,на дорогу
М-ГП1-А-009,ГП1,3,2,12ЛКС,55.33,"37,683","2,085,025",,,,,,,на дорогу
М-ГП1-А-010,ГП1,3,2,ТС1ЛК2,59.86,"37,683","2,255,731",,,,,,,на реку
М-ГП1-А-011,ГП1,3,1,СКЛ1,35.97,"47,530","1,709,667","1,709,667",,Иван,7/26/2022,7/15/2022,11,на реку
М-ГП1-А-012,ГП1,3,3,ТСС123ЛК,95.71,"31,500","3,014,865","3,014,865",,Лиана,6/16/2022,5/25/2022,22,на реку
М-ГП1-А-013,ГП1,3,1,1СТЛ,30.45,"35,942","1,094,431","1,094,431",,Саша,6/24/2022,5/18/2022,37,окна в окна
М-ГП1-А-014,ГП1,3,2,СКЛ12,54.86,"30,147","1,653,851","1,653,851",,Лиана,6/20/2022,6/3/2022,17,окна в окна
М-ГП1-А-015,ГП1,3,1,1ЛКС,38.21,"45,970","1,756,516",,,,,,,на дорогу
М-ГП1-А-016,ГП1,4,2,12ЛКС,55.33,"39,568","2,189,277",,,,,,,на дорогу
М-ГП1-А-017,ГП1,4,2,ТС1ЛК2,59.86,"39,568","2,368,518",,,,,,,на реку
М-ГП1-А-018,ГП1,4,1,СКЛ1,35.97,"49,907","1,795,150","1,595,150","200,000",Филипп,7/27/2022,7/15/2022,12,на реку
М-ГП1-А-019,ГП1,4,3,ТСС123ЛК,95.71,"33,075","3,165,608","3,165,608",,Саша,8/2/2022,7/10/2022,23,на реку
М-ГП1-А-020,ГП1,4,1,1СТЛ,30.45,"37,739","1,149,153",,,,,,,окна в окна
М-ГП1-А-021,ГП1,4,2,СКЛ12,54.86,"31,654","1,736,544",,,,,,,окна в окна
М-ГП1-А-022,ГП1,4,1,1ЛКС,38.21,"48,269","1,844,341","1,644,341","200,000",Филипп,6/14/2022,5/31/2022,14,на дорогу
М-ГП1-А-023,ГП1,5,2,12ЛКС,55.33,"41,546","2,298,740","2,248,740","50,000",Лиана,7/5/2022,5/28/2022,38,на дорогу
М-ГП1-А-024,ГП1,5,2,ТС1ЛК2,59.86,"41,546","2,486,944","2,486,944",,Саша,7/22/2022,7/4/2022,18,на реку
М-ГП1-А-025,ГП1,5,1,СКЛ1,35.97,"52,402","1,884,908","1,684,908","200,000",Филипп,7/28/2022,7/27/2022,1,на реку
М-ГП1-А-026,ГП1,5,3,ТСС123ЛК,95.71,"34,729","3,323,889","3,323,889",,Иван,7/9/2022,7/9/2022,0,на реку
М-ГП1-А-027,ГП1,5,1,1СТЛ,30.45,"39,626","1,206,611",,,,,,,окна в окна
М-ГП1-А-028,ГП1,5,2,СКЛ12,54.86,"33,237","1,823,371","1,723,371","100,000",Саша,6/24/2022,6/3/2022,21,окна в окна
М-ГП1-А-029,ГП1,5,1,1ЛКС,38.21,"50,682","1,936,558","1,936,558",,Лиана,6/8/2022,5/28/2022,11,на дорогу
М-ГП1-А-030,ГП1,6,2,12ЛКС,55.33,"43,623","2,413,677","2,413,677",,Лиана,6/13/2022,5/24/2022,20,на дорогу
М-ГП1-А-031,ГП1,6,2,ТС1ЛК2,59.86,"43,623","2,611,291",,,,,,,на реку
М-ГП1-А-032,ГП1,6,1,СКЛ1,35.97,"55,022","1,979,153",,,,,,,на реку
М-ГП1-А-033,ГП1,6,3,ТСС123ЛК,95.71,"36,465","3,490,083",,,,,,,на реку
М-ГП1-А-034,ГП1,6,1,1СТЛ,30.45,"41,607","1,266,941","1,166,941","100,000",Иван,6/12/2022,5/30/2022,13,окна в окна
М-ГП1-А-035,ГП1,6,2,СКЛ12,54.86,"34,899","1,914,540","1,914,540",,Иван,6/23/2022,6/23/2022,0,окна в окна
М-ГП1-А-036,ГП1,6,1,1ЛКС,38.21,"53,216","2,033,386","2,033,386",,Саша,6/20/2022,5/19/2022,32,на дорогу
М-ГП1-А-037,ГП1,7,2,12ЛКС,55.33,"45,804","2,534,361","2,534,361",,Иван,6/16/2022,6/5/2022,11,на дорогу
М-ГП1-А-038,ГП1,7,2,ТС1ЛК2,59.86,"45,804","2,741,856","2,741,856",,Филипп,7/25/2022,7/6/2022,19,на реку
М-ГП1-А-039,ГП1,7,1,СКЛ1,35.97,"57,773","2,078,111",,,,,,,на реку
М-ГП1-А-040,ГП1,7,3,ТСС123ЛК,95.71,"38,288","3,664,587","3,514,587","150,000",Филипп,8/18/2022,7/2/2022,47,на реку
М-ГП1-А-041,ГП1,7,1,1СТЛ,30.45,"43,688","1,330,288",,,,,,,окна в окна
М-ГП1-А-042,ГП1,7,2,СКЛ12,54.86,"36,644","2,010,267","1,860,267","150,000",Иван,6/22/2022,6/10/2022,12,окна в окна
М-ГП1-А-043,ГП1,7,1,1ЛКС,38.21,"55,877","2,135,056","2,135,056",,Филипп,6/12/2022,5/20/2022,23,на дорогу
М-ГП1-А-044,ГП1,8,2,12ЛКС,55.33,"48,095","2,661,079","2,661,079",,Миша,7/10/2022,5/25/2022,46,на дорогу
М-ГП1-А-045,ГП1,8,2,ТС1ЛК2,59.86,"48,095","2,878,948","2,778,948","100,000",Саша,7/24/2022,6/24/2022,30,на реку
М-ГП1-А-046,ГП1,8,1,СКЛ1,35.97,"60,662","2,182,016","2,182,016",,Иван,7/28/2022,7/15/2022,13,на реку
М-ГП1-А-047,ГП1,8,3,ТСС123ЛК,95.71,"40,203","3,847,817","3,797,817","50,000",Лиана,7/19/2022,6/26/2022,23,на реку
М-ГП1-А-048,ГП1,8,1,1СТЛ,30.45,"45,872","1,396,803","1,196,803","200,000",Филипп,6/9/2022,5/23/2022,17,окна в окна
М-ГП1-А-049,ГП1,8,2,СКЛ12,54.86,"38,476","2,110,780","2,110,780",,Лиана,6/19/2022,6/8/2022,11,окна в окна
М-ГП1-А-050,ГП1,8,1,1ЛКС,38.21,"58,671","2,241,808","2,241,808",,Иван,7/11/2022,5/28/2022,44,на дорогу
М-ГП1-А-051,ГП1,9,2,12ЛКС,55.33,"50,499","2,794,133","2,794,133",,Иван,6/30/2022,5/26/2022,35,на дорогу
М-ГП1-А-052,ГП1,9,2,ТС1ЛК2,59.86,"50,499","3,022,896","2,872,896","150,000",Филипп,7/28/2022,6/18/2022,40,на реку
М-ГП1-А-053,ГП1,9,1,СКЛ1,35.97,"63,695","2,291,117",,,,,,,на реку
М-ГП1-А-054,ГП1,9,3,ТСС123ЛК,95.71,"42,213","4,040,207","3,890,207","150,000",Филипп,7/11/2022,7/4/2022,7,на реку
М-ГП1-А-055,ГП1,9,1,1СТЛ,30.45,"48,166","1,466,643",,,,,,,окна в окна
М-ГП1-А-056,ГП1,9,2,СКЛ12,54.86,"40,400","2,216,319",,,,,,,окна в окна
М-ГП1-А-057,ГП1,9,1,1ЛКС,38.21,"61,604","2,353,899","2,353,899",,Саша,7/19/2022,5/22/2022,58,на дорогу
М-ГП1-А-058,ГП1,10,2,12ЛКС,55.33,"55,549","3,073,547","3,073,547",,Саша,7/8/2022,6/10/2022,28,на дорогу
М-ГП1-А-059,ГП1,10,2,ТС1ЛК2,59.86,"55,549","3,325,185",,,,,,,на реку
М-ГП1-А-060,ГП1,10,1,СКЛ1,35.97,"70,065","2,520,229","2,520,229",,Миша,7/28/2022,7/18/2022,10,на реку
М-ГП1-А-061,ГП1,10,3,ТСС123ЛК,95.71,"46,434","4,444,228","4,444,228",,Лиана,7/20/2022,6/27/2022,23,на реку
М-ГП1-А-062,ГП1,10,1,1СТЛ,30.45,"52,982","1,613,307","1,613,307",,Филипп,6/20/2022,5/20/2022,31,окна в окна
М-ГП1-А-063,ГП1,10,2,СКЛ12,54.86,"44,439","2,437,951",,,,,,,окна в окна
М-ГП1-А-064,ГП1,10,1,1ЛКС,38.21,"67,765","2,589,289","2,439,289","150,000",Иван,6/2/2022,5/18/2022,15,на дорогу
М-ГП1-А-065,ГП1,11,2,12ЛКС,55.33,"61,104","3,380,901",,,,,,,на дорогу
М-ГП1-А-066,ГП1,11,2,ТС1ЛК2,59.86,"61,104","3,657,704","3,557,704","100,000",Иван,7/8/2022,7/2/2022,6,на реку
М-ГП1-А-067,ГП1,11,1,СКЛ1,35.97,"77,071","2,772,251","2,672,251","100,000",Лиана,7/28/2022,7/14/2022,14,на реку
М-ГП1-А-068,ГП1,11,3,ТСС123ЛК,95.71,"51,078","4,888,651","4,738,651","150,000",Филипп,7/11/2022,7/4/2022,7,на реку
М-ГП1-А-069,ГП1,11,1,1СТЛ,30.45,"58,280","1,774,638",,,,,,,окна в окна
М-ГП1-А-070,ГП1,11,2,СКЛ12,54.86,"48,883","2,681,746",,,,,,,окна в окна
М-ГП1-А-071,ГП1,11,1,1ЛКС,38.21,"74,541","2,848,218","2,848,218",,Иван,6/12/2022,5/27/2022,16,на дорогу
М-ГП1-А-072,ГП1,12,2,12ЛКС,55.33,"67,215","3,718,991","3,718,991",,Иван,7/1/2022,6/1/2022,30,на дорогу
М-ГП1-А-073,ГП1,12,2,ТС1ЛК2,59.86,"67,215","4,023,474",,,,,,,на реку
М-ГП1-А-074,ГП1,12,1,СКЛ1,35.97,"84,778","3,049,477",,,,,,,на реку
М-ГП1-А-075,ГП1,12,3,ТСС123ЛК,95.71,"56,186","5,377,516",,,,,,,на реку
М-ГП1-А-076,ГП1,12,1,1СТЛ,30.45,"64,108","1,952,102","1,952,102",,Саша,6/28/2022,5/29/2022,30,окна в окна
М-ГП1-А-077,ГП1,12,2,СКЛ12,54.86,"53,772","2,949,920","2,799,920","150,000",Миша,7/25/2022,6/20/2022,35,окна в окна
М-ГП1-А-078,ГП1,12,1,1ЛКС,38.21,"81,995","3,133,039","3,133,039",,Саша,6/20/2022,5/28/2022,23,на дорогу
М-ГП1-А-079,ГП1,13,2,12ЛКС,55.33,"73,936","4,090,891","3,940,891","150,000",Иван,6/28/2022,6/12/2022,16,на дорогу
М-ГП1-А-080,ГП1,13,2,ТС1ЛК2,59.86,"73,936","4,425,822","4,425,822",,Иван,7/8/2022,7/5/2022,3,на реку
М-ГП1-А-081,ГП1,13,1,СКЛ1,35.97,"93,256","3,354,424","3,154,424","200,000",Филипп,7/29/2022,7/12/2022,17,на реку
М-ГП1-А-082,ГП1,13,3,ТСС123ЛК,95.71,"61,804","5,915,268","5,765,268","150,000",Филипп,7/11/2022,6/20/2022,21,на реку
М-ГП1-А-083,ГП1,13,1,1СТЛ,30.45,"70,519","2,147,312","2,147,312",,Иван,6/2/2022,5/23/2022,10,окна в окна
М-ГП1-А-084,ГП1,13,2,СКЛ12,54.86,"59,149","3,244,912","3,194,912","50,000",Саша,6/28/2022,6/9/2022,19,окна в окна
М-ГП1-А-085,ГП1,13,1,1ЛКС,38.21,"90,195","3,446,343","3,446,343",,Лиана,6/22/2022,5/25/2022,28,на дорогу
М-ГП1-А-086,ГП1,14,2,12ЛКС,55.33,"81,330","4,499,980","4,499,980",,Лиана,6/12/2022,5/28/2022,15,на дорогу
М-ГП1-А-087,ГП1,14,2,ТС1ЛК2,59.86,"81,330","4,868,404","4,868,404",,Лиана,7/15/2022,7/4/2022,11,на реку
М-ГП1-А-088,ГП1,14,1,СКЛ1,35.97,"102,582","3,689,867",,,,,,,на реку
М-ГП1-А-089,ГП1,14,3,ТСС123ЛК,95.71,"67,984","6,506,794","6,506,794",,Филипп,7/11/2022,6/29/2022,12,на реку
М-ГП1-А-090,ГП1,14,1,1СТЛ,30.45,"77,571","2,362,043","2,362,043",,Миша,7/26/2022,5/22/2022,65,окна в окна
М-ГП1-А-091,ГП1,14,2,СКЛ12,54.86,"65,064","3,569,404","3,369,404","200,000",Филипп,6/30/2022,6/10/2022,20,окна в окна
М-ГП1-А-092,ГП1,14,1,1ЛКС,38.21,"99,214","3,790,978","3,740,978","50,000",Иван,6/8/2022,5/30/2022,9,на дорогу
М-ГП1-А-093,ГП1,15,2,12ЛКС,55.33,"89,463","4,949,978","4,949,978",,Лиана,6/13/2022,6/12/2022,1,на дорогу
М-ГП1-А-094,ГП1,15,2,ТС1ЛК2,59.86,"97,596","5,842,085","5,842,085",,Филипп,7/26/2022,6/28/2022,28,на реку
М-ГП1-А-095,ГП1,15,1,СКЛ1,35.97,"123,098","4,427,840","4,427,840",,Миша,7/29/2022,7/21/2022,8,на реку
М-ГП1-А-096,ГП1,15,3,ТСС123ЛК,95.71,"81,581","7,808,153",,,,,,,на реку
М-ГП1-А-097,ГП1,15,1,1СТЛ,30.45,"85,328","2,598,247","2,448,247","150,000",Филипп,6/8/2022,6/4/2022,4,окна в окна
М-ГП1-А-098,ГП1,15,2,СКЛ12,54.86,"71,570","3,926,344","3,926,344",,Иван,6/21/2022,6/16/2022,5,окна в окна
М-ГП1-А-099,ГП1,15,1,1ЛКС,38.21,"109,136","4,170,076","4,020,076","150,000",Филипп,6/9/2022,5/21/2022,19,на дорогу
М-ГП1-А-100,ГП1,16,2,12ЛКС,55.33,"98,409","5,444,975",,,,,,,на дорогу
М-ГП1-А-101,ГП1,16,2,ТС1ЛК2,59.86,"117,115","7,010,501",,,,,,,на реку
М-ГП1-А-102,ГП1,16,1,СКЛ1,35.97,"147,718","5,313,408","5,063,408",250000,Филипп,7/29/2022,7/26/2022,3,на реку
М-ГП1-А-103,ГП1,16,3,ТСС123ЛК,95.71,"89,740","8,588,969","8,338,969","250,000",Иван,7/13/2022,7/4/2022,9,на реку
М-ГП1-А-104,ГП1,16,1,1СТЛ,30.45,"93,861","2,858,072","2,858,072",,Филипп,6/26/2022,6/2/2022,24,окна в окна
М-ГП1-А-105,ГП1,16,2,СКЛ12,54.86,"78,727","4,318,978","4,168,978","150,000",Филипп,6/24/2022,6/6/2022,18,окна в окна
М-ГП1-А-106,ГП1,16,1,1ЛКС,38.21,"120,049","4,587,083","4,587,083",,Лиана,6/14/2022,5/22/2022,23,на дорогу
М-ГП1-А-107,ГП1,17,2,12ЛКС,55.33,"118,091","6,533,970","6,533,970",,Филипп,7/7/2022,6/3/2022,34,на дорогу
М-ГП1-А-108,ГП1,17,2,ТС1ЛК2,59.86,"140,538","8,412,602",,,,,,,на реку
М-ГП1-А-109,ГП1,17,1,СКЛ1,35.97,"162,490","5,844,749","5,744,749","100,000",Иван,8/9/2022,7/23/2022,17,на реку
М-ГП1-А-110,ГП1,17,3,ТСС123ЛК,95.71,"107,687","10,306,762",,,,,,,на реку
М-ГП1-А-111,ГП1,17,1,1СТЛ,30.45,"103,247","3,143,879","2,943,879","200,000",Филипп,6/14/2022,6/5/2022,9,окна в окна
М-ГП1-А-112,ГП1,17,2,СКЛ12,54.86,"86,600","4,750,876","4,730,876","20,000",Иван,6/22/2022,6/15/2022,7,окна в окна
М-ГП1-А-113,ГП1,17,1,1ЛКС,38.21,"132,054","5,045,791","5,045,791",,Лиана,6/6/2022,6/3/2022,3,на дорогу
М-ГП2-А-001,ГП2,1,2,12ЛКС,55.33,"28,611","1,583,047","1,583,047",,Иван,7/29/2022,7/20/2022,9,на дорогу
М-ГП2-А-004,ГП2,2,2,12ЛКС,55.33,"35,142","1,944,407",,,,,,,на дорогу
М-ГП2-А-005,ГП2,2,2,ТС1ЛК2,59.86,"28,114","1,682,880","1,682,880",,Лиана,7/8/2022,7/4/2022,4,окна в окна
М-ГП2-А-006,ГП2,2,1,СКЛ1,35.97,"35,414","1,273,827","1,153,827","120,000",Лиана,8/8/2022,7/12/2022,27,окна в окна
М-ГП2-А-007,ГП2,2,3,ТСС123ЛК,95.71,"29,000","2,775,590","2,565,590","210,000",Иван,6/28/2022,6/21/2022,7,на ЖК
М-ГП2-А-008,ГП2,2,1,1СТЛ,30.45,"34,267","1,043,436",,,,,,,окна в окна
М-ГП2-А-009,ГП2,2,2,СКЛ12,54.86,"28,114","1,542,312",,,,,,,окна в окна
М-ГП2-А-010,ГП2,2,1,1ЛКС,38.21,"44,781","1,711,082",,,,,,,на дорогу
М-ГП2-А-011,ГП2,3,2,12ЛКС,55.33,"36,899","2,041,627",,,,,,,на дорогу
М-ГП2-А-012,ГП2,3,2,ТС1ЛК2,59.86,"29,519","1,767,024",,,,,,,окна в окна
М-ГП2-А-013,ГП2,3,1,СКЛ1,35.97,"37,184","1,337,519","1,337,519",,Саша,8/2/2022,7/16/2022,17,окна в окна
М-ГП2-А-014,ГП2,3,3,ТСС123ЛК,95.71,"30,450","2,914,370","2,914,370",,Миша,7/19/2022,6/27/2022,22,на ЖК
М-ГП2-А-015,ГП2,3,1,1СТЛ,30.45,"35,981","1,095,608",,,,,,,окна в окна
М-ГП2-А-016,ГП2,3,2,СКЛ12,54.86,"29,519","1,619,428","1,619,428",,Филипп,6/30/2022,6/8/2022,22,окна в окна
М-ГП2-А-017,ГП2,3,1,1ЛКС,38.21,"47,020","1,796,636",,,,,,,на дорогу
М-ГП2-А-018,ГП2,4,2,12ЛКС,55.33,"38,744","2,143,709",,,,,,,на дорогу
М-ГП2-А-019,ГП2,4,2,ТС1ЛК2,59.86,"30,995","1,855,375","1,855,375",,Иван,7/8/2022,6/28/2022,10,окна в окна
М-ГП2-А-020,ГП2,4,1,СКЛ1,35.97,"39,043","1,404,394","1,404,394",,Иван,8/22/2022,7/12/2022,41,окна в окна
М-ГП2-А-021,ГП2,4,3,ТСС123ЛК,95.71,"31,973","3,060,088",,,,,,,на ЖК
М-ГП2-А-022,ГП2,4,1,1СТЛ,30.45,"37,780","1,150,388","1,150,388",,Саша,7/18/2022,5/29/2022,50,окна в окна
М-ГП2-А-023,ГП2,4,2,СКЛ12,54.86,"30,995","1,700,399","1,700,399",,Иван,6/23/2022,6/6/2022,17,окна в окна
М-ГП2-А-024,ГП2,4,1,1ЛКС,38.21,"49,371","1,886,468","1,886,468",,Миша,7/20/2022,5/21/2022,60,на дорогу
М-ГП2-А-025,ГП2,5,2,12ЛКС,55.33,"40,681","2,250,894","2,250,894",,Филипп,6/30/2022,5/25/2022,36,на дорогу
М-ГП2-А-026,ГП2,5,2,ТС1ЛК2,59.86,"32,545","1,948,144","1,948,144",,Лиана,7/12/2022,6/27/2022,15,окна в окна
М-ГП2-А-027,ГП2,5,1,СКЛ1,35.97,"40,996","1,474,614",,,,,,,окна в окна
М-ГП2-А-028,ГП2,5,3,ТСС123ЛК,95.71,"33,571","3,213,092","3,213,092",,Филипп,8/22/2022,6/29/2022,54,на ЖК
М-ГП2-А-029,ГП2,5,1,1СТЛ,30.45,"39,669","1,207,908",,,,,,,окна в окна
М-ГП2-А-030,ГП2,5,2,СКЛ12,54.86,"32,545","1,785,419",,,,,,,окна в окна
М-ГП2-А-031,ГП2,5,1,1ЛКС,38.21,"51,840","1,980,791","1,980,791",,Миша,6/26/2022,5/26/2022,31,на дорогу
М-ГП2-А-032,ГП2,6,2,12ЛКС,55.33,"42,715","2,363,439","2,363,439",,Иван,6/17/2022,6/2/2022,15,на дорогу
М-ГП2-А-033,ГП2,6,2,ТС1ЛК2,59.86,"34,172","2,045,551","2,045,551",,Саша,7/17/2022,6/20/2022,27,окна в окна
М-ГП2-А-034,ГП2,6,1,СКЛ1,35.97,"43,045","1,548,345",,,,,,,окна в окна
М-ГП2-А-035,ГП2,6,3,ТСС123ЛК,95.71,"35,250","3,373,747","3,223,747","150,000",Миша,7/21/2022,7/2/2022,19,на ЖК
М-ГП2-А-036,ГП2,6,1,1СТЛ,30.45,"41,652","1,268,303","1,268,303",,Иван,6/19/2022,5/30/2022,20,окна в окна
М-ГП2-А-037,ГП2,6,2,СКЛ12,54.86,"34,172","1,874,690","1,874,690",,Иван,6/23/2022,6/6/2022,17,окна в окна
М-ГП2-А-038,ГП2,6,1,1ЛКС,38.21,"54,432","2,079,831","2,079,831",,Саша,7/22/2022,6/3/2022,49,на дорогу
М-ГП2-А-039,ГП2,7,2,12ЛКС,55.33,"44,851","2,481,611","2,481,611",,Лиана,6/16/2022,6/7/2022,9,на дорогу
М-ГП2-А-040,ГП2,7,2,ТС1ЛК2,59.86,"35,881","2,147,829",,,,,,,окна в окна
М-ГП2-А-041,ГП2,7,1,СКЛ1,35.97,"45,198","1,625,762","1,625,762",,Филипп,8/3/2022,7/14/2022,20,окна в окна
М-ГП2-А-042,ГП2,7,3,ТСС123ЛК,95.71,"37,012","3,542,434","3,542,434",,Иван,6/28/2022,6/28/2022,0,на ЖК
М-ГП2-А-043,ГП2,7,1,1СТЛ,30.45,"43,735","1,331,718",,,,,,,окна в окна
М-ГП2-А-044,ГП2,7,2,СКЛ12,54.86,"35,881","1,968,424",,,,,,,окна в окна
М-ГП2-А-045,ГП2,7,1,1ЛКС,38.21,"57,153","2,183,822",,,,,,,на дорогу
М-ГП2-А-046,ГП2,8,2,12ЛКС,55.33,"47,094","2,605,691","2,605,691",,Иван,6/16/2022,5/24/2022,23,на дорогу
М-ГП2-А-047,ГП2,8,2,ТС1ЛК2,59.86,"37,675","2,255,220",,,,,,,окна в окна
М-ГП2-А-048,ГП2,8,1,СКЛ1,35.97,"47,458","1,707,050","1,707,050",,Миша,8/2/2022,7/11/2022,22,окна в окна
М-ГП2-А-049,ГП2,8,3,ТСС123ЛК,95.71,"38,863","3,719,556","3,669,556","50,000",Лиана,7/17/2022,7/7/2022,10,на ЖК
М-ГП2-А-050,ГП2,8,1,1СТЛ,30.45,"45,921","1,398,304","1,398,304",,Филипп,6/21/2022,5/27/2022,25,окна в окна
М-ГП2-А-051,ГП2,8,2,СКЛ12,54.86,"37,675","2,066,846",,,,,,,окна в окна
М-ГП2-А-052,ГП2,8,1,1ЛКС,38.21,"60,011","2,293,014",,,,,,,на дорогу
М-ГП2-А-053,ГП2,9,2,12ЛКС,55.33,"49,448","2,735,976","2,735,976",,Лиана,6/13/2022,5/30/2022,14,на дорогу
М-ГП2-А-054,ГП2,9,2,ТС1ЛК2,59.86,"39,559","2,367,981","2,367,981",,Филипп,7/27/2022,7/3/2022,24,окна в окна
М-ГП2-А-055,ГП2,9,1,СКЛ1,35.97,"49,830","1,792,403",,,,,,,окна в окна
М-ГП2-А-056,ГП2,9,3,ТСС123ЛК,95.71,"40,806","3,905,534","3,905,534",,Саша,8/4/2022,7/9/2022,26,на ЖК
М-ГП2-А-057,ГП2,9,1,1СТЛ,30.45,"48,217","1,468,220","1,468,220",,Миша,7/26/2022,5/30/2022,57,окна в окна
М-ГП2-А-058,ГП2,9,2,СКЛ12,54.86,"39,559","2,170,188","2,170,188",,Саша,6/30/2022,6/9/2022,21,окна в окна
М-ГП2-А-059,ГП2,9,1,1ЛКС,38.21,"63,011","2,407,664","2,407,664",,Саша,6/3/2022,5/26/2022,8,на дорогу
М-ГП2-А-060,ГП2,10,2,12ЛКС,55.33,"51,921","2,872,775","2,872,775",,Миша,7/12/2022,5/26/2022,47,на дорогу
М-ГП2-А-061,ГП2,10,2,ТС1ЛК2,59.86,"41,537","2,486,380","2,486,380",,Лиана,7/12/2022,6/28/2022,14,окна в окна
М-ГП2-А-062,ГП2,10,1,СКЛ1,35.97,"52,322","1,882,023","1,882,023",,Саша,8/4/2022,7/26/2022,9,окна в окна
М-ГП2-А-063,ГП2,10,3,ТСС123ЛК,95.71,"42,846","4,100,811","4,100,811",,Иван,7/7/2022,7/7/2022,0,на ЖК
М-ГП2-А-064,ГП2,10,1,1СТЛ,30.45,"50,628","1,541,631","1,541,631",,Миша,7/26/2022,5/25/2022,62,окна в окна
М-ГП2-А-065,ГП2,10,2,СКЛ12,54.86,"41,537","2,278,697",,,,,,,окна в окна
М-ГП2-А-066,ГП2,10,1,1ЛКС,38.21,"66,162","2,528,047",,,,,,,на дорогу
М-ГП2-А-067,ГП2,11,2,12ЛКС,55.33,"54,517","3,016,413",,,,,,,на дорогу
М-ГП2-А-068,ГП2,11,2,ТС1ЛК2,59.86,"43,613","2,610,699",,,,,,,окна в окна
М-ГП2-А-069,ГП2,11,1,СКЛ1,35.97,"54,938","1,976,124","1,876,124","100,000",Саша,8/2/2022,7/11/2022,22,окна в окна
М-ГП2-А-070,ГП2,11,3,ТСС123ЛК,95.71,"44,989","4,305,851",,,,,,,на ЖК
М-ГП2-А-071,ГП2,11,1,1СТЛ,30.45,"53,160","1,618,712","1,568,712","50,000",Лиана,6/9/2022,5/29/2022,11,окна в окна
М-ГП2-А-072,ГП2,11,2,СКЛ12,54.86,"43,613","2,392,632",,,,,,,окна в окна
М-ГП2-А-073,ГП2,11,1,1ЛКС,38.21,"69,470","2,654,450","2,654,450",,Иван,6/3/2022,5/24/2022,10,на дорогу
М-ГП2-А-074,ГП2,12,2,12ЛКС,55.33,"72,944","4,035,966","3,885,966","150,000",Филипп,6/9/2022,5/25/2022,15,на дорогу
М-ГП2-А-075,ГП2,12,2,ТС1ЛК2,59.86,"48,084","2,878,296","2,878,296",,Филипп,7/28/2022,6/23/2022,35,окна в окна
М-ГП2-А-076,ГП2,12,1,СКЛ1,35.97,"57,685","2,074,930","2,074,930",,Миша,8/3/2022,7/26/2022,8,окна в окна
М-ГП2-А-077,ГП2,12,3,ТСС123ЛК,95.71,"47,238","4,521,144",,,,,,,на ЖК
М-ГП2-А-078,ГП2,12,1,1СТЛ,30.45,"55,818","1,699,648",,,,,,,окна в окна
М-ГП2-А-079,ГП2,12,2,СКЛ12,54.86,"45,794","2,512,264",,,,,,,окна в окна
М-ГП2-А-080,ГП2,12,1,1ЛКС,38.21,,"1,837,282",,,,,,,на дорогу
М-ГП2-А-081,ГП2,13,2,12ЛКС,55.33,"60,105","3,325,596",,,,,,,на дорогу
М-ГП2-А-082,ГП2,13,2,ТС1ЛК2,59.86,0,"2,878,296",,,,,,,окна в окна
М-ГП2-А-083,ГП2,13,1,СКЛ1,35.97,"60,569","2,178,677","2,128,677","50,000",Саша,7/29/2022,7/13/2022,16,окна в окна
М-ГП2-А-084,ГП2,13,3,ТСС123ЛК,95.71,"49,600","4,747,201","4,697,201","50,000",Лиана,7/17/2022,6/29/2022,18,на ЖК
М-ГП2-А-085,ГП2,13,1,1СТЛ,30.45,"58,609","1,784,630",,,,,,,окна в окна
М-ГП2-А-086,ГП2,13,2,СКЛ12,54.86,"48,084","2,637,877","2,637,877",,Филипп,6/24/2022,6/15/2022,9,окна в окна
М-ГП2-А-087,ГП2,13,1,1ЛКС,38.21,"76,591","2,926,531","2,926,531",,Миша,7/10/2022,5/21/2022,50,на дорогу
М-ГП2-А-088,ГП2,14,2,12ЛКС,55.33,"63,110","3,491,875","3,291,875","200,000",Филипп,7/1/2022,6/11/2022,20,на дорогу
М-ГП2-А-089,ГП2,14,2,ТС1ЛК2,59.86,"50,488","3,022,211",,,,,,,окна в окна
М-ГП2-А-090,ГП2,14,1,СКЛ1,35.97,"63,598","2,287,611","2,287,611",,Лиана,7/29/2022,7/14/2022,15,окна в окна
М-ГП2-А-091,ГП2,14,3,ТСС123ЛК,95.71,"52,080","4,984,561","4,984,561",,Иван,7/14/2022,7/6/2022,8,на ЖК
М-ГП2-А-092,ГП2,14,1,1СТЛ,30.45,"61,539","1,873,862",,,,,,,окна в окна
М-ГП2-А-093,ГП2,14,2,СКЛ12,54.86,"50,488","2,769,771","2,769,771",,Саша,6/24/2022,6/16/2022,8,окна в окна
М-ГП2-А-094,ГП2,14,1,1ЛКС,38.21,"80,420","3,072,857","2,922,857","150,000",Иван,6/5/2022,5/22/2022,14,на дорогу
М-ГП2-А-095,ГП2,15,2,12ЛКС,55.33,"75,732","4,190,250",,,,,,,на дорогу
М-ГП2-А-096,ГП2,15,2,ТС1ЛК2,59.86,"60,586","3,626,653","3,476,653","150,000",Филипп,7/31/2022,6/21/2022,40,окна в окна
М-ГП2-А-097,ГП2,15,1,СКЛ1,35.97,"69,958","2,516,372","2,516,372",,Иван,8/1/2022,7/14/2022,18,окна в окна
М-ГП2-А-098,ГП2,15,3,ТСС123ЛК,95.71,"57,288","5,483,017",,,,,,,на ЖК
М-ГП2-А-099,ГП2,15,1,1СТЛ,30.45,"67,693","2,061,248",,,,,,,окна в окна
М-ГП2-А-100,ГП2,15,2,СКЛ12,54.86,"55,537","3,046,748",,,,,,,окна в окна
М-ГП2-А-101,ГП2,15,1,1ЛКС,38.21,"88,462","3,380,143","3,230,143","150,000",Миша,7/19/2022,5/31/2022,49,на дорогу
М-ГП2-А-102,ГП2,16,2,12ЛКС,55.33,"83,305","4,609,275",,,,,,,на дорогу
М-ГП2-А-103,ГП2,16,2,ТС1ЛК2,59.86,"66,644","3,989,318",,,,,,,окна в окна
М-ГП2-А-104,ГП2,16,1,СКЛ1,35.97,"76,953","2,768,009","2,768,009",,Саша,8/3/2022,7/10/2022,24,окна в окна
М-ГП2-А-105,ГП2,16,3,ТСС123ЛК,95.71,"63,017","6,031,319",,,,,,,на ЖК
М-ГП2-А-106,ГП2,16,1,1СТЛ,30.45,"74,462","2,267,373",,,,,,,окна в окна
М-ГП2-А-107,ГП2,16,2,СКЛ12,54.86,"61,090","3,351,423","3,301,423","50,000",Лиана,6/26/2022,6/12/2022,14,окна в окна
М-ГП2-А-108,ГП2,16,1,1ЛКС,38.21,"97,308","3,718,158",,,,,,,на дорогу
М-ГП2-А-109,ГП2,17,2,12ЛКС,55.33,"91,636","5,070,203","5,070,203",,Иван,7/4/2022,5/31/2022,34,на дорогу
М-ГП2-А-110,ГП2,17,2,ТС1ЛК2,59.86,"73,309","4,388,250",,,,,,,окна в окна
М-ГП2-А-111,ГП2,17,1,СКЛ1,35.97,"84,649","3,044,810",,,,,,,окна в окна
М-ГП2-А-112,ГП2,17,3,ТСС123ЛК,95.71,"69,318","6,634,451",,,,,,,на ЖК
М-ГП2-А-113,ГП2,17,1,1СТЛ,30.45,"81,908","2,494,110",,,,,,,окна в окна
М-ГП2-А-114,ГП2,17,2,СКЛ12,54.86,"67,200","3,686,565",,,,,,,окна в окна
М-ГП2-А-115,ГП2,17,1,1ЛКС,38.21,"107,039","4,089,973","3,939,973","150,000",Филипп,6/3/2022,5/31/2022,3,на дорогу
М-ГП3-А-001,ГП3,1,2,12ЛКС,55.33,"28,611","1,583,047","1,583,047",,Иван,7/29/2022,7/28/2022,1,на дорогу
М-ГП3-А-002,ГП3,2,2,12ЛКС,55.33,"35,142","1,944,407",,,,,,,на дорогу
М-ГП3-А-003,ГП3,2,2,ТС1ЛК2,59.86,"28,114","1,682,880",,,,,,,окна в окна
М-ГП3-А-004,ГП3,2,1,СКЛ1,35.97,"35,414","1,273,827",,,,,,,окна в окна
М-ГП3-А-005,ГП3,2,3,ТСС123ЛК,95.71,"29,000","2,775,590",,,,,,,на ЖК
М-ГП3-А-006,ГП3,2,1,1СТЛ,30.45,"42,834","1,304,295","1,104,295","200,000",Филипп,6/21/2022,6/4/2022,17,на лес
М-ГП3-А-007,ГП3,2,2,СКЛ12,54.86,"35,142","1,927,890",,,,,,,на лес
М-ГП3-А-008,ГП3,2,1,1ЛКС,38.21,"44,781","1,711,082",,,,,,,на дорогу
М-ГП3-А-009,ГП3,3,2,12ЛКС,55.33,"36,899","2,041,627",,,,,,,на дорогу
М-ГП3-А-010,ГП3,3,2,ТС1ЛК2,59.86,"29,519","1,767,024","1,767,024",,Миша,7/17/2022,6/19/2022,28,окна в окна
М-ГП3-А-011,ГП3,3,1,СКЛ1,35.97,"37,184","1,337,519",,,,,,,окна в окна
М-ГП3-А-012,ГП3,3,3,ТСС123ЛК,95.71,"30,450","2,914,370","2,914,370",,Саша,7/31/2022,6/26/2022,35,на ЖК
М-ГП3-А-013,ГП3,3,1,1СТЛ,30.45,"44,976","1,369,510",,,,,,,на лес
М-ГП3-А-014,ГП3,3,2,СКЛ12,54.86,"36,899","2,024,285",,,,,,,на лес
М-ГП3-А-015,ГП3,3,1,1ЛКС,38.21,"47,020","1,796,636","1,796,636",,Саша,6/19/2022,5/29/2022,21,на дорогу
М-ГП3-А-016,ГП3,4,2,12ЛКС,55.33,"38,744","2,143,709","1,993,709","150,000",Иван,6/13/2022,6/10/2022,3,на дорогу
М-ГП3-А-017,ГП3,4,2,ТС1ЛК2,59.86,"30,995","1,855,375","1,805,375","50,000",Лиана,7/11/2022,6/24/2022,17,окна в окна
М-ГП3-А-018,ГП3,4,1,СКЛ1,35.97,"39,043","1,404,394",,,,,,,окна в окна
М-ГП3-А-019,ГП3,4,3,ТСС123ЛК,95.71,"31,973","3,060,088","3,060,088",,Миша,7/11/2022,7/3/2022,8,на ЖК
М-ГП3-А-020,ГП3,4,1,1СТЛ,30.45,"47,224","1,437,986","1,437,986",,Филипп,6/15/2022,5/19/2022,27,на лес
М-ГП3-А-021,ГП3,4,2,СКЛ12,54.86,"38,744","2,125,499",,,,,,,на лес
М-ГП3-А-022,ГП3,4,1,1ЛКС,38.21,"49,371","1,886,468","1,886,468",,Лиана,6/5/2022,5/27/2022,9,на дорогу
М-ГП3-А-023,ГП3,5,2,12ЛКС,55.33,"40,681","2,250,894","2,250,894",,Филипп,6/30/2022,5/26/2022,35,на дорогу
М-ГП3-А-024,ГП3,5,2,ТС1ЛК2,59.86,"32,545","1,948,144",,,,,,,окна в окна
М-ГП3-А-025,ГП3,5,1,СКЛ1,35.97,"40,996","1,474,614","1,474,614",,Филипп,8/8/2022,7/17/2022,22,окна в окна
М-ГП3-А-026,ГП3,5,3,ТСС123ЛК,95.71,"33,571","3,213,092",,,,,,,на ЖК
М-ГП3-А-027,ГП3,5,1,1СТЛ,30.45,"49,586","1,509,885",,,,,,,на лес
М-ГП3-А-028,ГП3,5,2,СКЛ12,54.86,"40,681","2,231,774","2,231,774",,Миша,7/21/2022,6/11/2022,40,на лес
М-ГП3-А-029,ГП3,5,1,1ЛКС,38.21,"51,840","1,980,791",,,,,,,на дорогу
М-ГП3-А-030,ГП3,6,2,12ЛКС,55.33,"42,715","2,363,439",,,,,,,на дорогу
М-ГП3-А-031,ГП3,6,2,ТС1ЛК2,59.86,"34,172","2,045,551",,,,,,,окна в окна
М-ГП3-А-032,ГП3,6,1,СКЛ1,35.97,"43,045","1,548,345",,,,,,,окна в окна
М-ГП3-А-033,ГП3,6,3,ТСС123ЛК,95.71,"35,250","3,373,747","3,373,747",,Саша,8/3/2022,6/25/2022,39,на ЖК
М-ГП3-А-034,ГП3,6,1,1СТЛ,30.45,"52,065","1,585,379","1,585,379",,Иван,6/2/2022,5/25/2022,8,на лес
М-ГП3-А-035,ГП3,6,2,СКЛ12,54.86,"42,715","2,343,362",,,,,,,на лес
М-ГП3-А-036,ГП3,6,1,1ЛКС,38.21,"54,432","2,079,831","2,029,831","50,000",Лиана,6/16/2022,6/3/2022,13,на дорогу
М-ГП3-А-037,ГП3,7,2,12ЛКС,55.33,"44,851","2,481,611","2,481,611",,Саша,7/5/2022,5/30/2022,36,на дорогу
М-ГП3-А-038,ГП3,7,2,ТС1ЛК2,59.86,"35,881","2,147,829",,,,,,,окна в окна
М-ГП3-А-039,ГП3,7,1,СКЛ1,35.97,"45,198","1,625,762",,,,,,,окна в окна
М-ГП3-А-040,ГП3,7,3,ТСС123ЛК,95.71,"37,012","3,542,434",,,,,,,на ЖК
М-ГП3-А-041,ГП3,7,1,1СТЛ,30.45,"54,668","1,664,648","1,664,648",,Иван,6/2/2022,5/16/2022,17,на лес
М-ГП3-А-042,ГП3,7,2,СКЛ12,54.86,"44,851","2,460,531",,,,,,,на лес
М-ГП3-А-043,ГП3,7,1,1ЛКС,38.21,"57,153","2,183,822","2,183,822",,Иван,6/3/2022,5/25/2022,9,на дорогу
М-ГП3-А-044,ГП3,8,2,12ЛКС,55.33,"47,094","2,605,691",,,,,,,на дорогу
М-ГП3-А-045,ГП3,8,2,ТС1ЛК2,59.86,"37,675","2,255,220","2,255,220",,Саша,7/19/2022,6/21/2022,28,окна в окна
М-ГП3-А-046,ГП3,8,1,СКЛ1,35.97,"47,458","1,707,050","1,707,050",,Лиана,8/9/2022,7/21/2022,19,окна в окна
М-ГП3-А-047,ГП3,8,3,ТСС123ЛК,95.71,"38,863","3,719,556","3,719,556",,Филипп,8/3/2022,6/22/2022,42,на ЖК
М-ГП3-А-048,ГП3,8,1,1СТЛ,30.45,"57,402","1,747,880",,,,,,,на лес
М-ГП3-А-049,ГП3,8,2,СКЛ12,54.86,"47,094","2,583,557","2,583,557",,Миша,7/17/2022,6/8/2022,39,на лес
М-ГП3-А-050,ГП3,8,1,1ЛКС,38.21,"60,011","2,293,014","2,293,014",,Саша,7/6/2022,5/28/2022,39,на дорогу
М-ГП3-А-051,ГП3,9,2,12ЛКС,55.33,"49,448","2,735,976",,,,,,,на дорогу
М-ГП3-А-052,ГП3,9,2,ТС1ЛК2,59.86,"39,559","2,367,981","2,367,981",,Иван,7/8/2022,6/17/2022,21,окна в окна
М-ГП3-А-053,ГП3,9,1,СКЛ1,35.97,"49,830","1,792,403",,,,,,,окна в окна
М-ГП3-А-054,ГП3,9,3,ТСС123ЛК,95.71,"40,806","3,905,534",,,,,,,на ЖК
М-ГП3-А-055,ГП3,9,1,1СТЛ,30.45,"60,272","1,835,274",,,,,,,на лес
М-ГП3-А-056,ГП3,9,2,СКЛ12,54.86,"49,448","2,712,735","2,662,735","50,000",Лиана,6/24/2022,6/10/2022,14,на лес
М-ГП3-А-057,ГП3,9,1,1ЛКС,38.21,"63,011","2,407,664",,,,,,,на дорогу
М-ГП3-А-058,ГП3,10,2,12ЛКС,55.33,"51,921","2,872,775","2,872,775",,Филипп,7/1/2022,6/6/2022,25,на дорогу
М-ГП3-А-059,ГП3,10,2,ТС1ЛК2,59.86,"41,537","2,486,380",,,,,,,окна в окна
М-ГП3-А-060,ГП3,10,1,СКЛ1,35.97,"52,322","1,882,023","1,882,023",,Саша,8/11/2022,7/12/2022,30,окна в окна
М-ГП3-А-061,ГП3,10,3,ТСС123ЛК,95.71,"42,846","4,100,811","4,100,811",,Миша,7/11/2022,7/7/2022,4,на ЖК
М-ГП3-А-062,ГП3,10,1,1СТЛ,30.45,"63,285","1,927,038","1,927,038",,Иван,6/2/2022,5/29/2022,4,на лес
М-ГП3-А-063,ГП3,10,2,СКЛ12,54.86,"51,921","2,848,372",,,,,,,на лес
М-ГП3-А-064,ГП3,10,1,1ЛКС,38.21,"66,162","2,528,047","2,528,047",,Филипп,7/12/2022,5/23/2022,50,на дорогу
М-ГП3-А-065,ГП3,11,2,12ЛКС,55.33,"54,517","3,016,413","2,866,413","150,000",Миша,7/21/2022,5/30/2022,52,на дорогу
М-ГП3-А-066,ГП3,11,2,ТС1ЛК2,59.86,"43,613","2,610,699",,,,,,,окна в окна
М-ГП3-А-067,ГП3,11,1,СКЛ1,35.97,"54,938","1,976,124",,,,,,,окна в окна
М-ГП3-А-068,ГП3,11,3,ТСС123ЛК,95.71,"44,989","4,305,851","4,155,851","150,000",Филипп,7/11/2022,6/21/2022,20,на ЖК
М-ГП3-А-069,ГП3,11,1,1СТЛ,30.45,"66,450","2,023,390",,,,,,,на лес
М-ГП3-А-070,ГП3,11,2,СКЛ12,54.86,"54,517","2,990,790","2,990,790",,Саша,6/24/2022,6/11/2022,13,на лес
М-ГП3-А-071,ГП3,11,1,1ЛКС,38.21,"69,470","2,654,450","2,654,450",,Иван,7/7/2022,5/20/2022,48,на дорогу
М-ГП3-А-072,ГП3,12,2,12ЛКС,55.33,"57,243","3,167,234","3,017,234","150,000",Миша,7/17/2022,6/3/2022,44,на дорогу
М-ГП3-А-073,ГП3,12,2,ТС1ЛК2,59.86,"45,794","2,741,234","2,741,234",,Иван,7/8/2022,6/24/2022,14,окна в окна
М-ГП3-А-074,ГП3,12,1,СКЛ1,35.97,"57,685","2,074,930",,,,,,,окна в окна
М-ГП3-А-075,ГП3,12,3,ТСС123ЛК,95.71,"47,238","4,521,144",,,,,,,на ЖК
М-ГП3-А-076,ГП3,12,1,1СТЛ,30.45,"69,772","2,124,560",,,,,,,на лес
М-ГП3-А-077,ГП3,12,2,СКЛ12,54.86,"57,243","3,140,330","2,940,330","200,000",Филипп,6/24/2022,6/9/2022,15,на лес
М-ГП3-А-078,ГП3,12,1,1ЛКС,38.21,"72,944","2,787,172",,,,,,,на дорогу
М-ГП3-А-079,ГП3,13,2,12ЛКС,55.33,"60,105","3,325,596",,,,,,,на дорогу
М-ГП3-А-080,ГП3,13,2,ТС1ЛК2,59.86,"48,084","2,878,296",,,,,,,окна в окна
М-ГП3-А-081,ГП3,13,1,СКЛ1,35.97,"60,569","2,178,677","2,178,677",,Лиана,8/12/2022,7/26/2022,17,окна в окна
М-ГП3-А-082,ГП3,13,3,ТСС123ЛК,95.71,"49,600","4,747,201",,,,,,,на ЖК
М-ГП3-А-083,ГП3,13,1,1СТЛ,30.45,"73,261","2,230,788",,,,,,,на лес
М-ГП3-А-084,ГП3,13,2,СКЛ12,54.86,"60,105","3,297,346",,,,,,,на лес
М-ГП3-А-085,ГП3,13,1,1ЛКС,38.21,"76,591","2,926,531",,,,,,,на дорогу
М-ГП3-А-086,ГП3,14,2,12ЛКС,55.33,"63,110","3,491,875","3,491,875",,Саша,6/30/2022,6/1/2022,29,на дорогу
М-ГП3-А-087,ГП3,14,2,ТС1ЛК2,59.86,"50,488","3,022,211",,,,,,,окна в окна
М-ГП3-А-088,ГП3,14,1,СКЛ1,35.97,"63,598","2,287,611",,,,,,,окна в окна
М-ГП3-А-089,ГП3,14,3,ТСС123ЛК,95.71,"52,080","4,984,561",,,,,,,на ЖК
М-ГП3-А-090,ГП3,14,1,1СТЛ,30.45,"76,924","2,342,327",,,,,,,на лес
М-ГП3-А-091,ГП3,14,2,СКЛ12,54.86,"63,110","3,462,214","3,312,214","150,000",Миша,7/22/2022,6/19/2022,33,на лес
М-ГП3-А-092,ГП3,14,1,1ЛКС,38.21,"80,420","3,072,857","3,022,857","50,000",Саша,6/5/2022,5/27/2022,9,на дорогу
М-ГП3-А-093,ГП3,15,2,12ЛКС,55.33,"75,732","4,190,250","4,190,250",,Иван,6/28/2022,6/7/2022,21,на дорогу
М-ГП3-А-094,ГП3,15,2,ТС1ЛК2,59.86,"60,586","3,626,653","3,576,653","50,000",Лиана,7/13/2022,6/26/2022,17,окна в окна
М-ГП3-А-095,ГП3,15,1,СКЛ1,35.97,"69,958","2,516,372",,,,,,,окна в окна
М-ГП3-А-096,ГП3,15,3,ТСС123ЛК,95.71,"57,288","5,483,017","5,483,017",,Филипп,7/11/2022,6/26/2022,15,на ЖК
М-ГП3-А-097,ГП3,15,1,1СТЛ,30.45,"84,616","2,576,560","2,526,560","50,000",Лиана,6/19/2022,5/30/2022,20,на лес
М-ГП3-А-098,ГП3,15,2,СКЛ12,54.86,"69,421","3,808,435",,,,,,,на лес
М-ГП3-А-099,ГП3,15,1,1ЛКС,38.21,"88,462","3,380,143",,,,,,,на дорогу
М-ГП3-А-100,ГП3,16,2,12ЛКС,55.33,"83,305","4,609,275","4,609,275",,Саша,7/6/2022,6/9/2022,27,на дорогу
М-ГП3-А-101,ГП3,16,2,ТС1ЛК2,59.86,"66,644","3,989,318","3,989,318",,Иван,7/8/2022,7/3/2022,5,окна в окна
М-ГП3-А-102,ГП3,16,1,СКЛ1,35.97,"76,953","2,768,009","2,768,009",,Филипп,8/23/2022,7/26/2022,28,окна в окна
М-ГП3-А-103,ГП3,16,3,ТСС123ЛК,95.71,"63,017","6,031,319",,,,,,,на ЖК
М-ГП3-А-104,ГП3,16,1,1СТЛ,30.45,"93,078","2,834,216","2,834,216",,Миша,6/29/2022,5/24/2022,36,на лес
М-ГП3-А-105,ГП3,16,2,СКЛ12,54.86,"76,363","4,189,279","4,189,279",,Саша,6/29/2022,6/17/2022,12,на лес
М-ГП3-А-106,ГП3,16,1,1ЛКС,38.21,"97,308","3,718,158",,,,,,,на дорогу
М-ГП3-А-107,ГП3,17,2,12ЛКС,55.33,"91,636","5,070,203","5,070,203",,Лиана,6/13/2022,6/3/2022,10,на дорогу
М-ГП3-А-108,ГП3,17,2,ТС1ЛК2,59.86,"73,309","4,388,250","4,138,250",250000,Филипп,8/1/2022,6/27/2022,35,окна в окна
М-ГП3-А-109,ГП3,17,1,СКЛ1,35.97,"84,649","3,044,810",,,,,,,окна в окна
М-ГП3-А-110,ГП3,17,3,ТСС123ЛК,95.71,"69,318","6,634,451","6,634,451",,Иван,6/25/2022,6/25/2022,0,на ЖК
М-ГП3-А-111,ГП3,17,1,1СТЛ,30.45,"102,385","3,117,637",,,,,,,на лес
М-ГП3-А-112,ГП3,17,2,СКЛ12,54.86,"83,999","4,608,206","4,608,206",,Саша,6/24/2022,6/8/2022,16,на лес
М-ГП3-А-113,ГП3,17,1,1ЛКС,38.21,"107,039","4,089,973","4,039,973","50,000",Лиана,6/14/2022,5/27/2022,18,на дорогу
М-ГП4-А-001,ГП4,1,2,С1КЛ2Т,62.81,"39,111","2,456,562","2,456,562",,Миша,8/7/2022,8/4/2022,3,во двор
М-ГП4-А-002,ГП4,1,1,СКЛ1Т,46.32,"42,891","1,986,711",,,,,,,на реку
М-ГП4-А-003,ГП4,1,2,1КЛ2СТ,61.09,"35,221","2,151,651",,,,,,,на реку
М-ГП4-А-004,ГП4,1,1,ТЛК1С,49.22,"41,331","2,034,312","2,034,312",,Миша,8/21/2022,7/31/2022,21,на лес
М-ГП4-А-005,ГП4,2,2,С1КЛ2Т,62.81,"36,260","2,277,516","2,277,516",,Лиана,8/23/2022,8/16/2022,7,во двор
М-ГП4-А-006,ГП4,2,1,СКЛ1Т,46.32,"48,361","2,240,082",,,,,,,на реку
М-ГП4-А-007,ГП4,2,2,1КЛ2СТ,61.09,"38,138","2,329,857",,,,,,,на реку
М-ГП4-А-008,ГП4,2,1,ТЛК1С,49.22,"38,255","1,882,899",,,,,,,на лес
М-ГП4-А-009,ГП4,3,2,С1КЛ2Т,62.81,"42,080","2,643,059","2,643,059",,Иван,6/27/2022,6/2/2022,25,во двор
М-ГП4-А-010,ГП4,3,1,СКЛ1Т,46.32,"35,802","1,658,335",,,,,,,на реку
М-ГП4-А-011,ГП4,3,2,1КЛ2СТ,61.09,"58,650","3,582,917",,,,,,,на реку
М-ГП4-А-012,ГП4,3,1,ТЛК1С,49.22,"39,382","1,938,376",,,,,,,на лес
М-ГП4-А-013,ГП4,4,2,С1КЛ2Т,62.81,"71,128","4,467,522",,,,,,,во двор
М-ГП4-А-014,ГП4,4,1,СКЛ1Т,46.32,"47,760","2,212,260",,,,,,,на реку
М-ГП4-А-015,ГП4,4,2,1КЛ2СТ,61.09,"43,996","2,687,707","2,637,707","50,000",Лиана,8/3/2022,8/2/2022,1,на реку
М-ГП4-А-016,ГП4,4,1,ТЛК1С,49.22,"56,264","2,769,297",,,,,,,на лес
М-ГП4-А-017,ГП4,5,2,С1КЛ2Т,62.81,"86,260","5,417,987",,,,,,,во двор
М-ГП4-А-018,ГП4,5,1,СКЛ1Т,46.32,"57,921","2,682,918",,,,,,,на реку
М-ГП4-А-019,ГП4,5,2,1КЛ2СТ,61.09,"68,234","4,168,400",,,,,,,на реку
М-ГП4-А-020,ГП4,5,1,ТЛК1С,49.22,"58,825","2,895,365",,,,,,,на лес
М-ГП4-А-021,ГП4,6,2,С1КЛ2Т,62.81,"71,340","4,480,864",,,,,,,во двор
М-ГП4-А-022,ГП4,6,1,СКЛ1Т,46.32,"109,842","5,087,897",,,,,,,на реку
М-ГП4-А-023,ГП4,6,2,1КЛ2СТ,61.09,"86,691","5,295,952","5,145,952","150,000",Филипп,8/7/2022,7/28/2022,10,на реку
М-ГП4-А-024,ГП4,6,1,ТЛК1С,49.22,"75,057","3,694,312","3,694,312",,Иван,6/5/2022,5/30/2022,6,на лес
М-ГП4-А-025,ГП4,7,2,С1КЛ2Т,62.81,"100,128","6,289,045",,,,,,,во двор
М-ГП4-А-026,ГП4,7,1,СКЛ1Т,46.32,"90,245","4,180,151","4,180,151",,Саша,8/18/2022,7/31/2022,18,на реку
М-ГП4-А-027,ГП4,7,2,1КЛ2СТ,61.09,"138,951","8,488,489","8,388,489",100000,Иван,6/24/2022,6/6/2022,18,на реку
М-ГП4-А-028,ГП4,7,1,ТЛК1С,49.22,"81,316","4,002,393",,,,,,,на лес
М-ГП4-А-029,ГП4,8,2,С1КЛ2Т,62.81,"114,656","7,201,566","7,201,566",,Саша,8/8/2022,8/5/2022,3,во двор
М-ГП4-А-030,ГП4,8,1,СКЛ1Т,46.32,"176,938","8,195,763","8,095,763","100,000",Саша,8/22/2022,8/13/2022,9,на реку
М-ГП4-А-031,ГП4,8,2,1КЛ2СТ,61.09,"139,645","8,530,906","8,380,906","150,000",Филипп,8/2/2022,7/31/2022,2,на реку
М-ГП4-А-032,ГП4,8,1,ТЛК1С,49.22,"104,233","5,130,351","5,080,351","50,000",Лиана,8/16/2022,7/29/2022,18,на лес
М-ГП4-А-033,ГП4,9,2,С1КЛ2Т,62.81,"194,316","12,204,980","12,004,980","200,000",Филипп,8/25/2022,7/29/2022,27,во двор
М-ГП4-А-034,ГП4,9,1,СКЛ1Т,46.32,"153,609","7,115,186","7,115,186",,Иван,6/26/2022,6/6/2022,20,на реку
М-ГП4-А-035,ГП4,9,2,1КЛ2СТ,61.09,"132,428","8,090,032","8,090,032",,Иван,7/5/2022,6/28/2022,7,на реку
М-ГП4-А-036,ГП4,9,1,ТЛК1С,49.22,"194,632","9,579,772","9,579,772",,Иван,7/8/2022,6/27/2022,11,на лес
М-ГП4-А-037,ГП4,10,2,С1КЛ2Т,62.81,"270,391","16,983,229","16,783,229","200,000",Филипп,8/3/2022,7/20/2022,14,во двор
М-ГП4-А-038,ГП4,10,1,СКЛ1Т,46.32,"192,650","8,923,537","8,923,537",,Лиана,8/17/2022,7/25/2022,23,на реку
М-ГП4-А-039,ГП4,10,2,1КЛ2СТ,61.09,"271,446","16,582,606","16,582,606",,Саша,8/2/2022,7/23/2022,10,на реку
М-ГП4-А-040,ГП4,10,1,ТЛК1С,49.22,"213,747","10,520,650","10,520,650",,Иван,6/28/2022,6/7/2022,21,на лес
М-ГП4-Б-041,ГП4,1,1,С1ЛКТ,47.81,"41,871","2,001,853",,,,,,,во двор
М-ГП4-Б-042,ГП4,1,3,С1Л23СКЛ,94.15,"32,964","3,103,561","3,053,561","50,000",Саша,8/22/2022,8/18/2022,4,на лес
М-ГП4-Б-043,ГП4,1,2,Т1ЛК2,63.12,"38,854","2,452,464","2,452,464",,Миша,8/21/2022,8/10/2022,11,на лес
М-ГП4-Б-044,ГП4,1,1,СЛ1К,42.34,"40,095","1,697,622",,,,,,,на лес
М-ГП4-Б-045,ГП4,2,1,С1ЛКТ,47.81,"43,965","2,101,945","2,051,945","50,000",Лиана,8/10/2022,7/25/2022,16,во двор
М-ГП4-Б-046,ГП4,2,3,С1Л23СКЛ,94.15,"34,550","3,252,906","3,202,906",50000,Иван,6/27/2022,5/28/2022,30,на лес
М-ГП4-Б-047,ГП4,2,2,Т1ЛК2,63.12,"50,779","3,205,174",,,,,,,на лес
М-ГП4-Б-048,ГП4,2,1,СЛ1К,42.34,"34,777","1,472,460","1,472,460",,Филипп,8/25/2022,8/1/2022,24,на лес
М-ГП4-Б-049,ГП4,3,1,С1ЛКТ,47.81,"36,278","1,734,440","1,734,440",,Иван,7/7/2022,7/7/2022,0,во двор
М-ГП4-Б-050,ГП4,3,3,С1Л23СКЛ,94.15,"44,184","4,159,946","4,159,946",,Саша,8/7/2022,7/28/2022,10,на лес
М-ГП4-Б-051,ГП4,3,2,Т1ЛК2,63.12,"53,318","3,365,433","3,115,433","250,000",Миша,8/18/2022,7/31/2022,18,на лес
М-ГП4-Б-052,ГП4,3,1,СЛ1К,42.34,"46,393","1,964,299",,,,,,,на лес
М-ГП4-Б-053,ГП4,4,1,С1ЛКТ,47.81,"48,505","2,319,045",,,,,,,во двор
М-ГП4-Б-054,ГП4,4,3,С1Л23СКЛ,94.15,"51,149","4,815,658","4,615,658","200,000",Филипп,8/8/2022,8/6/2022,2,на лес
М-ГП4-Б-055,ГП4,4,2,Т1ЛК2,63.12,"43,419","2,740,576","2,740,576",,Филипп,8/21/2022,8/14/2022,7,на лес
М-ГП4-Б-056,ГП4,4,1,СЛ1К,42.34,"64,661","2,737,764","2,737,764",,Миша,8/9/2022,7/29/2022,11,на лес
М-ГП4-Б-057,ГП4,5,1,С1ЛКТ,47.81,"90,573","4,330,292",,,,,,,во двор
М-ГП4-Б-058,ГП4,5,3,С1Л23СКЛ,94.15,"60,817","5,725,963","5,725,963",,Филипп,8/8/2022,7/20/2022,19,на лес
М-ГП4-Б-059,ГП4,5,2,Т1ЛК2,63.12,"52,656","3,323,634","3,323,634",,Саша,8/19/2022,8/5/2022,14,на лес
М-ГП4-Б-060,ГП4,5,1,СЛ1К,42.34,"50,931","2,156,406","2,156,406",,Миша,8/22/2022,8/11/2022,11,на лес
М-ГП4-Б-061,ГП4,6,1,С1ЛКТ,47.81,"78,810","3,767,906","3,767,906",,Миша,8/22/2022,8/7/2022,15,во двор
М-ГП4-Б-062,ГП4,6,3,С1Л23СКЛ,94.15,"99,857","9,401,505","9,401,505",,Саша,8/8/2022,8/2/2022,6,на лес
М-ГП4-Б-063,ГП4,6,2,Т1ЛК2,63.12,"63,858","4,030,737","3,980,737","50,000",Лиана,7/14/2022,6/20/2022,24,на лес
М-ГП4-Б-064,ГП4,6,1,СЛ1К,42.34,"61,766","2,615,181","2,515,181",100000,Иван,6/28/2022,5/30/2022,29,на лес
М-ГП4-Б-065,ГП4,7,1,С1ЛКТ,47.81,"105,134","5,026,480",,,,,,,во двор
М-ГП4-Б-066,ГП4,7,3,С1Л23СКЛ,94.15,"94,757","8,921,402","8,721,402","200,000",Филипп,8/9/2022,7/23/2022,17,на лес
М-ГП4-Б-067,ГП4,7,2,Т1ЛК2,63.12,"73,924","4,666,082","4,516,082","150,000",Филипп,8/5/2022,7/26/2022,10,на лес
М-ГП4-Б-068,ГП4,7,1,СЛ1К,42.34,"145,898","6,177,325",,,,,,,на лес
М-ГП4-Б-069,ГП4,8,1,С1ЛКТ,47.81,"153,193","7,324,157","7,324,157",,Лиана,6/6/2022,6/3/2022,3,во двор
М-ГП4-Б-070,ГП4,8,3,С1Л23СКЛ,94.15,"120,389","11,334,641","11,084,641",250000,Филипп,8/21/2022,8/15/2022,6,на лес
М-ГП4-Б-071,ГП4,8,2,Т1ЛК2,63.12,"160,853","10,153,018","10,153,018",,Саша,8/19/2022,8/7/2022,12,на лес
М-ГП4-Б-072,ГП4,8,1,СЛ1К,42.34,"110,391","4,673,964","4,673,964",,Иван,8/18/2022,7/14/2022,35,на лес
М-ГП4-Б-073,ГП4,9,1,С1ЛКТ,47.81,"136,348","6,518,819","6,268,819",250000,Иван,6/24/2022,6/3/2022,21,во двор
М-ГП4-Б-074,ГП4,9,3,С1Л23СКЛ,94.15,"143,166","13,479,067","13,479,067",,Саша,7/30/2022,7/30/2022,0,на лес
М-ГП4-Б-075,ГП4,9,2,Т1ЛК2,63.12,"235,018","14,834,321",,,,,,,на лес
М-ГП4-Б-076,ГП4,9,1,СЛ1К,42.34,"150,324","6,364,725",,,,,,,на лес
М-ГП4-Б-077,ГП4,10,1,С1ЛКТ,47.81,"246,769","11,798,009","11,748,009","50,000",Лиана,7/5/2022,5/27/2022,39,во двор
М-ГП4-Б-078,ГП4,10,3,С1Л23СКЛ,94.15,"232,625","21,901,605","21,901,605",,Филипп,7/18/2022,7/18/2022,0,на лес
М-ГП4-Б-079,ГП4,10,2,Т1ЛК2,63.12,"181,516","11,457,317","11,457,317",,Саша,8/9/2022,7/30/2022,10,на лес
М-ГП4-Б-080,ГП4,10,1,СЛ1К,42.34,"285,018","12,067,653",,,,,,,на лес
М-ГП4-В-081,ГП4,6,3,СТ12ЛК3С,92.69,"53,641","4,971,983","4,521,983",450000,Филипп,8/8/2022,7/25/2022,14,окна в окна
М-ГП4-В-082,ГП4,2,3,СТ12ЛК3С,92.69,"26,497","2,455,988",,,,,,,окна в окна
М-ГП4-В-083,ГП4,3,3,СТ12ЛК3С,92.69,"31,997","2,965,801",,,,,,,окна в окна
М-ГП4-В-084,ГП4,4,3,СТ12ЛК3С,92.69,"36,957","3,425,500",,,,,,,окна в окна
М-ГП4-В-085,ГП4,5,3,СТ12ЛК3С,92.69,"42,782","3,965,444",,,,,,,окна в окна
М-ГП4-В-086,ГП4,7,3,СТ12ЛК3С,92.69,"72,820","6,749,726",,,,,,,окна в окна
М-ГП4-В-087,ГП4,8,3,СТ12ЛК3С,92.69,"101,560","9,413,589",,,,,,,окна в окна
М-ГП4-В-088,ГП4,9,3,СТ12ЛК3С,92.69,"141,321","13,099,009",,,,,,,окна в окна
М-ГП4-В-089,ГП4,10,3,СТ12ЛК3С,92.69,"166,995","15,478,777",,,,,,,окна в окна
М-ГП4-В-090,ГП4,10,3,СКЛ12С3ЛТ,105.78,"245,810","26,001,736","25,851,736","150,000",Иван,7/1/2022,6/3/2022,28,на лес
М-ГП4-В-091,ГП4,6,3,СКЛ12С3ЛТ,105.78,"64,855","6,860,311","6,710,311","150,000",Миша,7/8/2022,6/20/2022,18,на лес
М-ГП4-В-092,ГП4,9,3,СКЛ12С3ЛТ,105.78,"152,292","16,109,480","16,059,480","50,000",Лиана,7/29/2022,7/18/2022,11,на лес
М-ГП4-В-093,ГП4,8,3,СКЛ12С3ЛТ,105.78,"112,918","11,944,463","11,844,463","100,000",Саша,8/8/2022,7/18/2022,21,на лес
М-ГП4-В-094,ГП4,2,3,СКЛ12С3ЛТ,105.78,"32,905","3,480,691","3,480,691",,Саша,8/9/2022,8/7/2022,2,на лес
М-ГП4-В-095,ГП4,5,3,СКЛ12С3ЛТ,105.78,"62,031","6,561,606","6,561,606",,Саша,8/9/2022,8/2/2022,7,на лес
М-ГП4-В-096,ГП4,3,3,СКЛ12С3ЛТ,105.78,"38,092","4,029,335","3,779,335",250000,Филипп,8/9/2022,7/28/2022,12,на лес
М-ГП4-В-097,ГП4,7,3,СКЛ12С3ЛТ,105.78,"85,382","9,031,730","8,881,730","150,000",Миша,8/22/2022,8/19/2022,3,на лес
М-ГП4-В-098,ГП4,4,3,СКЛ12С3ЛТ,105.78,"74,684","7,900,066","7,600,066","300,000",Миша,8/23/2022,8/13/2022,10,на лес
М-ГП4-В-099,ГП4,5,2,СКЛ12С,61.45,"78,418","4,818,794","4,568,794","250,000",Миша,6/30/2022,5/27/2022,34,во двор
М-ГП4-В-100,ГП4,9,2,СКЛ12С,61.45,"223,826","13,754,135","13,754,135",,Лиана,6/26/2022,6/20/2022,6,во двор
М-ГП4-В-101,ГП4,10,2,СКЛ12С,61.45,"221,547","13,614,077","13,614,077",,Миша,8/9/2022,7/29/2022,11,во двор
М-ГП4-В-102,ГП4,7,2,СКЛ12С,61.45,"82,041","5,041,418","5,041,418",,Саша,8/22/2022,8/3/2022,19,во двор
М-ГП4-В-103,ГП4,2,2,СКЛ12С,61.45,"32,547","2,000,013",,,,,,,во двор
М-ГП4-В-104,ГП4,4,2,СКЛ12С,61.45,"50,148","3,081,618",,,,,,,во двор
М-ГП4-В-105,ГП4,3,2,СКЛ12С,61.45,"61,582","3,784,232",,,,,,,во двор
М-ГП4-В-106,ГП4,6,2,СКЛ12С,61.45,"70,404","4,326,313",,,,,,,во двор
М-ГП4-В-107,ГП4,8,2,СКЛ12С,61.45,"129,856","7,979,631",,,,,,,во двор
М-ГП4-В-108,ГП4,4,2,ТКЛ12С,58.53,"48,713","2,851,179","2,851,179",,Иван,6/3/2022,5/28/2022,6,на лес
М-ГП4-В-109,ГП4,8,2,ТКЛ12С,58.53,"98,190","5,747,034","5,697,034","50,000",Лиана,6/6/2022,5/22/2022,15,на лес
М-ГП4-В-110,ГП4,5,2,ТКЛ12С,58.53,"59,077","3,457,768","3,457,768",,Иван,6/27/2022,5/24/2022,34,на лес
М-ГП4-В-111,ГП4,6,2,ТКЛ12С,58.53,"95,102","5,566,296","5,566,296",,Иван,7/5/2022,6/25/2022,10,на лес
М-ГП4-В-112,ГП4,10,2,ТКЛ12С,58.53,"172,873","10,118,244","10,118,244",,Лиана,7/17/2022,6/20/2022,27,на лес
М-ГП4-В-113,ГП4,9,2,ТКЛ12С,58.53,"175,136","10,250,719","10,000,719",250000,Филипп,8/21/2022,8/12/2022,9,на лес
М-ГП4-В-114,ГП4,2,2,ТКЛ12С,58.53,"34,671","2,029,294","2,029,294",,Миша,8/22/2022,8/11/2022,11,на лес
М-ГП4-В-115,ГП4,7,2,ТКЛ12С,58.53,"126,319","7,393,433","7,393,433",,Саша,8/24/2022,8/7/2022,17,на лес
М-ГП4-В-116,ГП4,3,2,ТКЛ12С,58.53,"41,351","2,420,272",,,,,,,на лес